time_s,command_kw,measured_power_kw,voltage_v,status
0,5.0,0.0,230,RUNNING
1,5,1.40734,230,RUNNING
2,5,2.43691,230,RUNNING
3,5,3.1546,230,RUNNING
4,5,3.69001,230,RUNNING
5,5,4.05262,230,RUNNING
6,5,4.32932,230,RUNNING
7,5,4.50714,230,RUNNING
8,5,4.65458,230,RUNNING
9,5,4.74106,230,RUNNING
10,5,4.82563,230,RUNNING
11,5,4.86619,230,RUNNING
12,5,4.91642,230,RUNNING
13,5,4.93138,230,RUNNING
14,5,4.95898,230,RUNNING
15,5,4.95831,230,RUNNING
16,5,4.97786,230,RUNNING
17,5,4.9727,230,RUNNING
18,5,4.99161,230,RUNNING
19,5,4.98512,230,RUNNING
20,5,5.00164,230,RUNNING
